<?xml version = "1.0" encoding = "utf-8"?>
<runpoemcollection>
	<poemcollection id="pc1">
		<fornname>Fornt Engelsk rundikt</fornname>
		<sourceuri>""</sourceuri>
		<language>Norrön</language>
		<date> frá 12. öl</date>
		<translation id="pc1t1">
			<name>Forn engelsk avskrift</name>
			<language>fornengelska?</language>
			<author>Unknown</author>
			<comment>""</comment>
			<date>1992l</date>
			<sourceuri>""</sourceuri>
				<poems>
					<runepoem rune="ᚠ" poem="Feoh byþ frofur fira gehwylcum; sceal ðeah manna gehwylc miclun hyt dælan gif he wile for drihtne domes hleotan." pcid="pc1" trid="pc1t1" />
					<runepoem rune="ᚢ" poem="Ur byþ anmod ond oferhyrned, felafrecne deor, feohteþ mid hornum mære morstapa; þæt is modig wuht." pcid="pc1" trid="pc1t1" />
					<runepoem rune="ᚦ" poem="Ðorn byþ ðearle scearp; ðegna gehwylcum anfeng ys yfyl, ungemetum reþe manna gehwelcum, ðe him mid resteð." pcid="pc1" trid="pc1t1" />
					<runepoem rune="ᚬ" poem="Os byþ ordfruma ælere spræce, wisdomes wraþu ond witena frofur and eorla gehwam eadnys ond tohiht." pcid="pc1" trid="pc1t1" />
					<runepoem rune="ᚱ" poem="Rad byþ on recyde rinca gehwylcum sefte ond swiþhwæt, ðamðe sitteþ on ufan meare mægenheardum ofer milpaþas." pcid="pc1" trid="pc1t1" />
					<runepoem rune="ᚲ" poem="Cen byþ cwicera gehwam, cuþ on fyre blac ond beorhtlic, byrneþ oftust ðær hi æþelingas inne restaþ." pcid="pc1" trid="pc1t1" />
					<runepoem rune="ᚷ" poem="Gyfu gumena byþ gleng and herenys, wraþu and wyrþscype and wræcna gehwam ar and ætwist, ðe byþ oþra leas." pcid="pc1" trid="pc1t1" />
					<runepoem rune="ᚹ" poem="Wenne bruceþ, ðe can weana lyt sares and sorge and him sylfa hæfþ blæd and blysse and eac byrga geniht" pcid="pc1" trid="pc1t1" />
					
					<runepoem rune="ᚺ" poem="Hægl byþ hwitust corna; hwyrft hit of heofones lyfte, wealcaþ hit windes scura; weorþeþ hit to wætere syððan" pcid="pc1" trid="pc1t1" />
					<runepoem rune="ᚾ" poem="Nyd byþ nearu on breostan; weorþeþ hi þeah oft niþa bearnum to helpe and to hæle gehwæþre, gif hi his hlystaþ æror." pcid="pc1" trid="pc1t1" />
					<runepoem rune="ᛁ" poem="Is byþ ofereald, ungemetum slidor, glisnaþ glæshluttur gimmum gelicust, flor forste geworuht, fæger ansyne." pcid="pc1" trid="pc1t1" />
					<runepoem rune="ᛃ" poem="Ger byþ gumena hiht, ðonne God læteþ, halig heofones cyning, hrusan syllan beorhte bleda beornum ond ðearfum." pcid="pc1" trid="pc1t1" />
					<runepoem rune="ᛈ" poem="Peorð byþ symble plega and hlehter wlancum [on middum], ðar wigan sittaþ on beorsele bliþe ætsomne." pcid="pc1" trid="pc1t1" />
					<runepoem rune="ᛖ" poem="Eoh byþ utan unsmeþe treow, heard hrusan fæst, hyrde fyres, wyrtrumun underwreþyd, wyn on eþle" pcid="pc1" trid="pc1t1" />
					<runepoem rune="ᛋ" poem="Tir biþ tacna sum, healdeð trywa wel wiþ æþelingas; a biþ on færylde ofer nihta genipu, næfre swiceþ." pcid="pc1" trid="pc1t1" />
					<runepoem rune="ᛏ" poem="Tir biþ tacna sum, healdeð trywa wel wiþ æþelingas; a biþ on færylde ofer nihta genipu, næfre swiceþ." pcid="pc1" trid="pc1t1" />
					<runepoem rune="ᛒ" poem="Beorc byþ bleda leas, bereþ efne swa ðeah tanas butan tudder, biþ on telgum wlitig, heah on helme hrysted fægere, geloden leafum, lyfte getenge." pcid="pc1" trid="pc1t1" />
					<runepoem rune="ᛗ" poem="Man byþ on myrgþe his magan leof: sceal þeah anra gehwylc oðrum swican, forðum drihten wyle dome sine þæt earme flæsc eorþan betæcan." pcid="pc1" trid="pc1t1" />
					<runepoem rune="ᛜ" poem="Ing wæs ærest mid East-Denum gesewen secgun, oþ he siððan est ofer wæg gewat; wæn æfter ran; ðus Heardingas ðone hæle nemdun." pcid="pc1" trid="pc1t1" />
					<runepoem rune="ᛞ" poem="Dæg byþ drihtnes sond, deore mannum, mære metodes leoht, myrgþ and tohiht eadgum and earmum, eallum brice" pcid="pc1" trid="pc1t1" />
					<runepoem rune="ᛦ" poem="Yr byþ æþelinga and eorla gehwæs wyn and wyrþmynd, byþ on wicge fæger, fæstlic on færelde, fyrdgeatewa sum." pcid="pc1" trid="pc1t1" />
				</poems>
		</translation>
	</poemcollection>
</runpoemcollection>